{
  "version": 1,
  "author": "example",
  "editor": "wokwi",
  "parts": [
    { "type": "board-esp32-devkit-c-v4", "id": "esp32", "top": 0, "left": 4.84, "attrs": {} },
    { "type": "wokwi-dht22", "id": "dht22", "top": 29.1, "left": 196.2, "attrs": {} },
    {
      "type": "wokwi-potentiometer",
      "id": "windSpeedPot",
      "top": -116.5,
      "left": 19,
      "attrs": {}
    },
    {
      "type": "wokwi-pushbutton",
      "id": "rebButton",
      "top": 159.8,
      "left": 144,
      "attrs": { "color": "red" }
    },
    {
      "type": "wokwi-potentiometer",
      "id": "windDirectionPot",
      "top": -106.9,
      "left": -86.6,
      "attrs": {}
    },
    {
      "type": "wokwi-potentiometer",
      "id": "batteryPot",
      "top": -106.9,
      "left": 124.6,
      "attrs": {}
    }
  ],
  "connections": [
    [ "esp32:TX", "$serialMonitor:RX", "", [] ],
    [ "esp32:RX", "$serialMonitor:TX", "", [] ],
    [ "windSpeedPot:GND", "esp32:GND.1", "black", [ "v19.2", "h-57.6", "v182.4" ] ],
    [ "windSpeedPot:VCC", "esp32:3V3", "red", [ "v28.8", "h-87.2", "v48" ] ],
    [ "windSpeedPot:SIG", "esp32:34", "green", [ "h-0.4", "v28.8", "h96", "v163.2" ] ],
    [ "windDirectionPot:GND", "esp32:GND.1", "black", [ "v0" ] ],
    [ "windDirectionPot:VCC", "esp32:3V3", "red", [ "v0" ] ],
    [ "windDirectionPot:SIG", "esp32:35", "green", [ "v28.8", "h220.4", "v172.8" ] ],
    [ "dht22:VCC", "esp32:3V3", "red", [ "h-86.4", "v-134.4", "h-115.35" ] ],
    [ "dht22:GND", "esp32:GND.1", "black", [ "v76.8", "h-249.6", "v-67.2" ] ],
    [ "dht22:SDA", "esp32:4", "green", [ "v86.4", "h-239.9", "v-48" ] ],
    [
      "batteryPot:GND",
      "esp32:GND.1",
      "black",
      [ "h-9.6", "v38.4", "h-211.2", "v163.2", "h38.4", "v-9.6" ]
    ],
    [ "batteryPot:VCC", "esp32:3V3", "red", [ "h18.4", "v57.6", "h-180.8", "v9.6" ] ],
    [ "batteryPot:SIG", "esp32:36", "green", [ "v0" ] ],
    [ "rebButton:1.l", "esp32:2", "green", [ "v-9.6", "h-38.4" ] ]
  ],
  "dependencies": {}
}